Emplyee name,Will be Retreanched
Abbey Schindler,0
Abe J Macleod,0
Abe Morales,0
Abe X Paro,0
Abram Q Keffer,0
Abram S Manrique,0
Adalberto W Creek,1
Adam B Katzer,0
Adelaide L Harrop,1
Adele M Burnam,0
Adelia Abbas,0
Adelia U Villagomez,0
Adell W Trower,0
Adella U Foushee,0
Adelle E Brunner,0
Adria M Melendrez,0
Adriana O Medved,0
Agnes Blow,0
Agnes D Doud,0
Ahmad V Lynde,0
Ahmed C Minch,0
Ahmed I Strope,0
Ahmed V Lease,0
Aiko Blossom,0
Aileen F Hiltz,0
Aileen Hiltz,0
Akiko S Godby,0
Al Fegley,0
Alanna L Tyrell,0
Albert Z Dunford,0
Alda F Penning,0
Alden Cauley,0
Alden Y Cauley,0
Alease Lander,0
Alease Y Lander,0
Alec Mcnees,0
Aleisha H Mathew,0
Alesia B Bear,0
Alexis C Amaral,0
Alexis D Bonelli,0
Alexis Q Grose,1
Alfonzo Knupp,0
Alfred L Strausbaugh,0
Alina L Prowell,0
Alise Baltzell,0
Alise O Baltzell,0
Alisha D Coppock,0
Aliza X Sammons,0
Allen L Vachon,0
Allene T Lepe,0
Alline V Kushner,0
Allyn O Farrior,1
Allyson I Ours,0
Almeda M Dunford,0
Alonzo W Stanford,0
Alphonso Laffoon,0
Alphonso U Laffoon,0
Alysia Basil,0
Amada J Knouse,0
Amado C Bonet,0
Amelia H Burbank,0
America V Lobel,1
Amiee Z Chaffins,1
Analisa X Birdsell,0
Andre Q Maxon,0
Andrea Rhymes,0
Andreas L Kennard,0
Andreas T Viles,0
Andres P Towles,0
Andres S Garner,0
Andrew D Hersey,0
Andrew Detweiler,1
Andrew P Detweiler,0
Andria Z Reza,0
Angel F Palomino,0
Angel Ferebee,0
Angela P Lorenzen,0
Angelo B Fitzmaurice,0
Anibal F Pieper,0
Anisha Jasmin,0
Annabelle E Encinas,0
Annette Jolin,0
Antone Polston,0
Antone W Polston,0
Archie Blair,0
Arden B Fujita,0
Arlen F Maly,0
Arlen Joly,0
Arlen M Joly,0
Arlen Z Vanslyke,0
Armando H Seaborn,0
Armida Bridwell,0
Arnoldo D Mckeen,0
Aron Durante,0
Arron R Vegas,0
Arturo N Halvorsen,0
Asa E Kunze,1
Ashanti R Swim,0
Ashlie G Cadena,0
Asley F Mcewan,0
Astrid Marinelli,0
Astrid R Marinelli,0
Asuncion X Braunstein,0
Audrea B Prather,0
Audrea K Papineau,0
Audria W Barrios,0
Audrie X Mccammon,0
August C Navarette,1
August C Strother,0
August F Dones,0
Augusta G Kircher,0
Aundrea W Lundberg,0
Aurelio K Wyckoff,0
Austin Janney,0
Ayako Bachmann,0
Ayako L Bachmann,0
Barak Sali,0
Barrie Collman,0
Barrie E Collman,0
Bart B Gilcrease,0
Beatrice A Knopf,0
Beatrice Coen,0
Beatrice T Coen,0
Bell N Molinaro,1
Belva Fitzwater,0
Ben Gigliotti,0
Ben Lagrange,0
Ben N Lamson,0
Ben U Gigliotti,0
Benedict B Wix,0
Benedict U Daye,0
Bennie E Manfredi,1
Benny S Brinker,1
Berna Z Stoller,0
Bernard A Harbert,0
Bernard Harbert,0
Bernard N Weatherly,0
Bernarda E Gervais,0
Bernardina X Roesch,0
Bernardo I Garzon,0
Bernardo X Barbee,0
Bernie M Kish,1
Bert Q Lauritzen,0
Bert S Kinkade,0
Bertha E Harbison,0
Beryl Helsel,0
Bethann Marini,0
Bill Tarkington,0
Billie Liang,0
Birdie Savoy,0
Blanch Y Mysliwiec,0
Bo E Curlee,0
Bobbie P Chumley,0
Bobbie Q Holbrook,0
Bobbie S Miner,0
Bobbie X Schoenrock,0
Bong M Alvares,0
Bonny Poor,0
Bonny S Poor,0
Boris A Mccown,0
Brad I Pattison,0
Bradford K Marlatt,0
Brande Sevier,0
Brendon E Mone,1
Brendon J Camp,0
Brendon V Crowther,0
Brent U Perlman,0
Brenton U Boyett,0
Bret C Delancey,0
Brett Z Vadnais,0
Bridget D Spadaro,1
Bridget Rake,0
Brigitte D Fendley,0
Britt P Shivers,0
Britt Shivers,0
Bruna R Welke,0
Bryan J Stampley,0
Bryan V Guyton,0
Bryanna Pyron,0
Bryant L Kinsman,0
Bryce B Edens,0
Buck H Rancourt,1
Buck Rancourt,0
Bud Kistner,0
Bud L Lofgren,0
Bud Lofgren,0
Buddy G Steinbeck,0
Buddy W Lofgren,0
Buford Q Giancola,0
Bula Reich,0
Burton C Jin,0
Caleb Luther,0
Cameron A Chamberland,1
Cameron Chamberland,0
Cameron K Gratton,0
Candelaria Q Zajicek,1
Candelaria Zajicek,1
Carey J Sandlin,0
Carey N Mccready,0
Carl M Paddock,0
Carlo B Ali,0
Carlos Banh,0
Carlotta T Ryles,1
Carlton P Bose,0
Carlton P Mahurin,0
Carly L Sirianni,0
Carmelia E Bergeron,1
Carmelia R Lattimer,0
Carmen F Barret,0
Carmen U Benbow,0
Carmon A Howlett,0
Carolin T Loya,0
Carolina B Pasillas,0
Carolynn V Moynihan,0
Carrol Arend,0
Carrol O Arend,0
Carter B Hilderbrand,0
Carter C Hunt,0
Casey D Krier,0
Cassaundra K Polito,0
Cayla Mealy,0
Cecil Teixeira,0
Cecily D Houser,0
Cedric N Cavallo,1
Cedrick Engelhardt,0
Cedrick K Engelhardt,0
Cedrick M Cordle,0
Celesta L Reeser,0
Celestine H Alderson,0
Celinda C Magruder,0
Celine Baskin,0
Chadwick I Hargreaves,0
Charity N Denman,0
Charles S Nicholes,0
Charlie Moxley,0
Charlie V Koeller,0
Chase J Paradise,0
Chase Paradise,0
Chase T Scurry,0
Chau R Barron,0
Chauncey Southerland,0
Chaya W Caudle,0
Chere Patchett,0
Cheree Lusk,0
Chester N Sitz,0
Chi S Clopton,0
Ching D Applegate,0
Chris Braggs,0
Chrissy H Edmonson,0
Christena Kratz,0
Christene Blakemore,0
Christene F Blakemore,1
Christene L Mccaleb,0
Christi H Amaker,0
Christie Rodger,1
Christoper K Manzano,0
Chung J Moynihan,0
Cicely W Colton,0
Cindie T Madden,0
Clara B Sifuentes,0
Clarence Hinkson,0
Clarence J Hinkson,0
Claretta D Wingert,0
Clark Spence,0
Claudio Q Bien,0
Clemente S Wiechmann,0
Clemmie F Montague,0
Cleveland A Zinke,0
Cleveland Franko,0
Cleveland W Franko,0
Cliff Skipworth,1
Clint Q Orear,0
Clint Q Strayhorn,0
Clint Strayhorn,0
Clinton Tschida,0
Clotilde Mason,0
Clotilde X Mason,0
Clyde P Ponton,0
Cole Dellinger,0
Cole M Dellinger,0
Cole N Poling,1
Colin V Likens,0
Colleen B Lenihan,0
Colton B Salzman,0
Colton Salzman,0
Conrad R Saito,0
Conrad Saito,0
Cordell M Tweedy,0
Cordell Riche,0
Cordia M Knopp,0
Corey F Stowe,0
Corina U Korhonen,0
Cortez F Espiritu,0
Coy I Gentner,0
Cristal Q Kucharski,0
Cristi T Clem,0
Crystal Comes,0
Crystal U Comes,0
Curtis E Quayle,0
